<?xml version="1.0" encoding="UTF-8"?>
<GenRun Id="impl_1" LaunchPart="xc7vx485tffg1157-1" LaunchTime="1586681421">
  <File Type="BITSTR-BMM" Name="alu_32_bd.bmm"/>
  <File Type="OPT-METHODOLOGY-DRC" Name="alu_32_methodology_drc_opted.rpt"/>
  <File Type="INIT-TIMING" Name="alu_32_timing_summary_init.rpt"/>
  <File Type="ROUTE-PWR" Name="alu_32_power_routed.rpt"/>
  <File Type="PA-TCL" Name="alu_32.tcl"/>
  <File Type="OPT-TIMING" Name="alu_32_timing_summary_opted.rpt"/>
  <File Type="OPT-DCP" Name="alu_32_opt.dcp"/>
  <File Type="ROUTE-PWR-SUM" Name="alu_32_power_summary_routed.pb"/>
  <File Type="REPORTS-TCL" Name="alu_32_reports.tcl"/>
  <File Type="OPT-DRC" Name="alu_32_drc_opted.rpt"/>
  <File Type="OPT-HWDEF" Name="alu_32.hwdef"/>
  <File Type="PWROPT-DCP" Name="alu_32_pwropt.dcp"/>
  <File Type="PWROPT-DRC" Name="alu_32_drc_pwropted.rpt"/>
  <File Type="PWROPT-TIMING" Name="alu_32_timing_summary_pwropted.rpt"/>
  <File Type="PLACE-DCP" Name="alu_32_placed.dcp"/>
  <File Type="PLACE-IO" Name="alu_32_io_placed.rpt"/>
  <File Type="PLACE-CLK" Name="alu_32_clock_utilization_placed.rpt"/>
  <File Type="PLACE-UTIL" Name="alu_32_utilization_placed.rpt"/>
  <File Type="PLACE-UTIL-PB" Name="alu_32_utilization_placed.pb"/>
  <File Type="PLACE-CTRL" Name="alu_32_control_sets_placed.rpt"/>
  <File Type="PLACE-SIMILARITY" Name="alu_32_incremental_reuse_placed.rpt"/>
  <File Type="PLACE-PRE-SIMILARITY" Name="alu_32_incremental_reuse_pre_placed.rpt"/>
  <File Type="PLACE-TIMING" Name="alu_32_timing_summary_placed.rpt"/>
  <File Type="POSTPLACE-PWROPT-DCP" Name="alu_32_postplace_pwropt.dcp"/>
  <File Type="BG-BIN" Name="alu_32.bin"/>
  <File Type="POSTPLACE-PWROPT-TIMING" Name="alu_32_timing_summary_postplace_pwropted.rpt"/>
  <File Type="PHYSOPT-DCP" Name="alu_32_physopt.dcp"/>
  <File Type="PHYSOPT-DRC" Name="alu_32_drc_physopted.rpt"/>
  <File Type="BITSTR-MSK" Name="alu_32.msk"/>
  <File Type="PHYSOPT-TIMING" Name="alu_32_timing_summary_physopted.rpt"/>
  <File Type="ROUTE-ERROR-DCP" Name="alu_32_routed_error.dcp"/>
  <File Type="ROUTE-DCP" Name="alu_32_routed.dcp"/>
  <File Type="ROUTE-BLACKBOX-DCP" Name="alu_32_routed_bb.dcp"/>
  <File Type="ROUTE-DRC" Name="alu_32_drc_routed.rpt"/>
  <File Type="ROUTE-DRC-PB" Name="alu_32_drc_routed.pb"/>
  <File Type="ROUTE-DRC-RPX" Name="alu_32_drc_routed.rpx"/>
  <File Type="BITSTR-MMI" Name="alu_32.mmi"/>
  <File Type="ROUTE-METHODOLOGY-DRC" Name="alu_32_methodology_drc_routed.rpt"/>
  <File Type="ROUTE-METHODOLOGY-DRC-RPX" Name="alu_32_methodology_drc_routed.rpx"/>
  <File Type="ROUTE-METHODOLOGY-DRC-PB" Name="alu_32_methodology_drc_routed.pb"/>
  <File Type="ROUTE-PWR-RPX" Name="alu_32_power_routed.rpx"/>
  <File Type="ROUTE-STATUS" Name="alu_32_route_status.rpt"/>
  <File Type="ROUTE-STATUS-PB" Name="alu_32_route_status.pb"/>
  <File Type="ROUTE-TIMINGSUMMARY" Name="alu_32_timing_summary_routed.rpt"/>
  <File Type="ROUTE-TIMING-PB" Name="alu_32_timing_summary_routed.pb"/>
  <File Type="ROUTE-TIMING-RPX" Name="alu_32_timing_summary_routed.rpx"/>
  <File Type="ROUTE-SIMILARITY" Name="alu_32_incremental_reuse_routed.rpt"/>
  <File Type="ROUTE-CLK" Name="alu_32_clock_utilization_routed.rpt"/>
  <File Type="ROUTE-BUS-SKEW" Name="alu_32_bus_skew_routed.rpt"/>
  <File Type="ROUTE-BUS-SKEW-PB" Name="alu_32_bus_skew_routed.pb"/>
  <File Type="ROUTE-BUS-SKEW-RPX" Name="alu_32_bus_skew_routed.rpx"/>
  <File Type="POSTROUTE-PHYSOPT-DCP" Name="alu_32_postroute_physopt.dcp"/>
  <File Type="POSTROUTE-PHYSOPT-BLACKBOX-DCP" Name="alu_32_postroute_physopt_bb.dcp"/>
  <File Type="POSTROUTE-PHYSOPT-TIMING" Name="alu_32_timing_summary_postroute_physopted.rpt"/>
  <File Type="POSTROUTE-PHYSOPT-TIMING-PB" Name="alu_32_timing_summary_postroute_physopted.pb"/>
  <File Type="POSTROUTE-PHYSOPT-TIMING-RPX" Name="alu_32_timing_summary_postroute_physopted.rpx"/>
  <File Type="POSTROUTE-PHYSOPT-BUS-SKEW" Name="alu_32_bus_skew_postroute_physopted.rpt"/>
  <File Type="POSTROUTE-PHYSOPT-BUS-SKEW-PB" Name="alu_32_bus_skew_postroute_physopted.pb"/>
  <File Type="BG-BIT" Name="alu_32.bit"/>
  <File Type="POSTROUTE-PHYSOPT-BUS-SKEW-RPX" Name="alu_32_bus_skew_postroute_physopted.rpx"/>
  <File Type="BITSTR-RBT" Name="alu_32.rbt"/>
  <File Type="BITSTR-NKY" Name="alu_32.nky"/>
  <File Type="PDI-FILE" Name="alu_32.pdi"/>
  <File Type="RCFI_FILE" Name="alu_32.rcfi"/>
  <File Type="CFI_FILE" Name="alu_32.cfi"/>
  <File Type="RNPI_FILE" Name="alu_32.rnpi"/>
  <File Type="NPI_FILE" Name="alu_32.npi"/>
  <File Type="RBD_FILE" Name="alu_32.rbd"/>
  <File Type="BITSTR-LTX" Name="debug_nets.ltx"/>
  <File Type="BITSTR-LTX" Name="alu_32.ltx"/>
  <File Type="BITSTR-SYSDEF" Name="alu_32.sysdef"/>
  <File Type="BG-BGN" Name="alu_32.bgn"/>
  <File Type="BG-DRC" Name="alu_32.drc"/>
  <File Type="RDI-RDI" Name="alu_32.vdi"/>
  <File Type="WBT-USG" Name="usage_statistics_webtalk.html"/>
  <FileSet Name="sources" Type="DesignSrcs" RelSrcDir="$PSRCDIR/sources_1">
    <Filter Type="Srcs"/>
    <File Path="$PSRCDIR/sources_1/new/Adder_detectedOverflow.v">
      <FileInfo>
        <Attr Name="UsedIn" Val="synthesis"/>
        <Attr Name="UsedIn" Val="implementation"/>
        <Attr Name="UsedIn" Val="simulation"/>
      </FileInfo>
    </File>
    <File Path="$PSRCDIR/sources_1/new/alu_32.v">
      <FileInfo>
        <Attr Name="UsedIn" Val="synthesis"/>
        <Attr Name="UsedIn" Val="implementation"/>
        <Attr Name="UsedIn" Val="simulation"/>
      </FileInfo>
    </File>
    <Config>
      <Option Name="DesignMode" Val="RTL"/>
      <Option Name="TopModule" Val="alu_32"/>
    </Config>
  </FileSet>
  <FileSet Name="constrs_in" Type="Constrs" RelSrcDir="$PSRCDIR/constrs_1">
    <Filter Type="Constrs"/>
    <Config>
      <Option Name="ConstrsType" Val="XDC"/>
    </Config>
  </FileSet>
  <FileSet Name="utils" Type="Utils" RelSrcDir="$PSRCDIR/utils_1">
    <Filter Type="Utils"/>
    <Config>
      <Option Name="TopAutoSet" Val="TRUE"/>
    </Config>
  </FileSet>
  <Strategy Version="1" Minor="2">
    <StratHandle Name="Vivado Implementation Defaults" Flow="Vivado Implementation 2019"/>
    <Step Id="init_design"/>
    <Step Id="opt_design"/>
    <Step Id="power_opt_design"/>
    <Step Id="place_design"/>
    <Step Id="post_place_power_opt_design"/>
    <Step Id="phys_opt_design" EnableStepBool="1"/>
    <Step Id="route_design"/>
    <Step Id="post_route_phys_opt_design"/>
    <Step Id="write_bitstream"/>
  </Strategy>
</GenRun>
